created_at,id,text
2021-05-11T11:44:22.000Z,1392083153380995072,"RT @DomainFQ: Listed For Sale 

https://t.co/qOjgV5IuAm 

#fashion #music #students #apple #100DaysOfCode #coach #university #english  #mar…"
2021-05-11T11:44:22.000Z,1392083153267875840,"RT @DomainFQ: .
Domain For Sale 

https://t.co/qOjgV5IuAm 

#fashion #music #apple #100DaysOfCode #coach #university #english #martialarts…"
2021-05-11T11:44:19.000Z,1392083144556171265,"RT @DomainFQ: .
Domain For Sale 

https://t.co/qOjgV5IuAm 

#fashion #music #apple #100DaysOfCode #coach #university #english #martialarts…"
2021-05-11T11:44:19.000Z,1392083141494444035,"RT @DomainFQ: .
Domain Name For Sale

https://t.co/27xdV5ITgb

#ElectricWorld #Ev #eBike #javascript #python #ecar #autos #ElectricVehicle…"
2021-05-11T11:44:14.000Z,1392083119663104001,"RT @nintendolife: Rumour: Get That Salt Ready, Apple Is Reportedly Working On A Nintendo Switch-Style Hybrid Console https://t.co/VX2JVw9h7…"
2021-05-11T11:44:12.000Z,1392083113904246785,"RT @DomainFQ: Domain Listed For Sale

https://t.co/y1l6efjIyD

#EatWhatYouWatch #eating #foodie #foodies #Movies #TV #Shows #Streaming #Del…"
2021-05-11T11:44:10.000Z,1392083103443689475,"RT @DomainFQ: .
Domain For Sale 

https://t.co/pCOqlBy4mo

#electricvehicle #ElectricVehicleInc #ev #electriccar  #100DaysOfCode #javascrip…"
2021-05-11T11:44:07.000Z,1392083091871584258,"RT @DomainFQ: .
Domain Name For Sale

https://t.co/27xdV5ITgb

#ElectricWorld #Ev #eBike #javascript #python #ecar #autos #ElectricVehicle…"
2021-05-11T11:44:05.000Z,1392083083587772421,"RT @DomainFQ: .
Domain For Sale

https://t.co/9EO3W8x13v

#ExpertOption #Trade #USA #Traders #money #100DaysOfCode #javascript #python #App…"
2021-05-11T11:44:03.000Z,1392083074276540418,"RT @DomainFQ: .
Domains For sale

https://t.co/0YeRs3JJLb
https://t.co/ke7bPV3rhW
https://t.co/sLmytllUpy

#LearnData #Data #datascience #1…"
2021-05-11T11:44:02.000Z,1392083073081167872,"RT @DomainFQ: .
Domain NameFor Sale

https://t.co/a2N3rgJrnd

#BTCE #btc #BtcExchange #BitcoinExchange #bitcoin #bitcointrading #cryptotrad…"
2021-05-11T11:44:02.000Z,1392083070002647046,"RT @DomainFQ: .
Domain Name for sale

https://t.co/f056WpEdXS

#fluke #FlukeTV #domain #100DaysOfCode #javascript #python #Apple #vr #Micro…"
2021-05-11T11:44:01.000Z,1392083066378625026,"RT @DomainFQ: .
Domain For Sale

https://t.co/9EO3W8x13v

#ExpertOption #Trade #Traders #money #100DaysOfCode #javascript #python #Apple #v…"
2021-05-11T11:43:58.000Z,1392083055460851716,"RT @DomainFQ: .
Domain Name for sale

https://t.co/f056WpEdXS

#fluke #FlukeTV #domain #100DaysOfCode #javascript #python #Apple #vr #Micro…"
2021-05-11T11:43:56.000Z,1392083046459969541,"RT @DomainFQ: .
Domain NameFor Sale

https://t.co/a2N3rgJrnd

#BTCE #btc #BtcExchange #BitcoinExchange #bitcoin #bitcointrading #cryptotrad…"
2021-05-11T11:43:56.000Z,1392083045058940935,"RT @DomainFQ: .
Domains For sale

https://t.co/0YeRs3JJLb
https://t.co/ke7bPV3rhW
https://t.co/sLmytllUpy

#LearnData #Data #datascience #1…"
2021-05-11T11:43:52.000Z,1392083027929358336,"RT @DomainFQ: .
Domain NameFor Sale

https://t.co/a2N3rgJrnd

#BTCE #btc #BtcExchange #BitcoinExchange #bitcoin #bitcointrading #cryptotrad…"
